<?xml version="1.0" encoding="UTF-8"?>
<!DOCTYPE mapper
  PUBLIC "-//mybatis.org//DTD Mapper 3.0//EN"
  "http://mybatis.org/dtd/mybatis-3-mapper.dtd">

<mapper namespace="dao.IUserDAO">
	<!--当数据库中字段名与实体类中属性名不一致时，需要显示定义字段映射  -->
	<resultMap id="userResultMap" type="vo.User">
		<id property="chrName" column="chrName" />
		<result property="userName" column="userName" />
		<result property="password" column="password" />
		<result property="balance" column="balance" />
		<result property="debt" column="debt" />
		<result property="periods" column="periods" />
	</resultMap>

	<sql id="userColumns"> 
		userName,chrName,password,balance,debt,periods
	</sql>

	<select id="get" parameterType="String" resultMap="userResultMap">
		select
		<include refid="userColumns"></include>
		from user 
		where chrName=#{chrName}
	</select>

	<select id="query" parameterType="vo.User" resultMap="userResultMap">
		select
		<include refid="userColumns"></include>
		from user
		<where>
			<if test="userName!=null">
				and userName = #{userName}
			</if>
			<if test="chrName!=null">
				and chrName = #{chrName}
			</if>
			<if test="password!=null">
				and password = #{password}
			</if>
			<if test="balance!=null">
				and balance = #{balance}
			</if>
			<if test="debt!=null">
				and debt = #{debt}
			</if>
			<if test="periods!=null">
				and periods = #{periods}
			</if>
		</where>
	</select>

	<insert id="insert" parameterType="vo.User">
		insert into user(<include refid="userColumns"></include>)
		values(#{userName},#{chrName},#{password},#{balance},#{debt},#{periods})
	</insert>

	<update id="update" parameterType="vo.User">
		update user
		<set>
			<if test="userName!=null">
				 userName = #{userName},
			</if>
			<if test="chrName!=null">
				 chrName = #{chrName},
			</if>
			<if test="password!=null">
				 password = #{password},
			</if>
			<if test="balance!=null">
				and balance = #{balance}
			</if>
			<if test="debt!=null">
				and debt = #{debt}
			</if>
			<if test="periods!=null">
				and periods = #{periods}
			</if>
		</set>
		where chrName=#{chrName}
	</update>

	<delete id="delete" parameterType="String">
		delete from
		user 
		where chrName=#{chrName}
	</delete>

</mapper>